Maple,Oak,Birch,Willow,Cedar,Elm,Chestnut,Hemlock,Pine,Ash,Magnolia,Dogwood
Maple1,Oak1,Birch1,Willow1,Cedar1,Elm1,Chestnut1,Hemlock1,Pine1,Ash1,Magnolia1,Dogwood1
Maple2,Oak2,Birch2,Willow2,Cedar2,Elm2,Chestnut2,Hemlock2,Pine2,Ash2,Magnolia2,Dogwood2
Maple3,Oak3,Birch3,Willow3,Cedar3,Elm3,Chestnut3,Hemlock3,Pine3,Ash3,Magnolia3,Dogwood3
Maple4,Oak4,Birch4,Willow4,Cedar4,Elm4,Chestnut4,Hemlock4,Pine4,Ash4,Magnolia4,Dogwood4
Maple5,Oak5,Birch5,Willow5,Cedar5,Elm5,Chestnut5,Hemlock5,Pine5,Ash5,Magnolia5,Dogwood5
Maple6,Oak6,Birch6,Willow6,Cedar6,Elm6,Chestnut6,Hemlock6,Pine6,Ash6,Magnolia6,Dogwood6
Maple7,Oak7,Birch7,Willow7,Cedar7,Elm7,Chestnut7,Hemlock7,Pine7,Ash7,Magnolia7,Dogwood7
Maple8,Oak8,Birch8,Willow8,Cedar8,Elm8,Chestnut8,Hemlock8,Pine8,Ash8,Magnolia8,Dogwood8

